<?xml version="1.0" encoding="UTF-8" standalone="no"?>
<project default="create_run_jar" name="Create Runnable Jar for Project FontChooserComboBox">
    <!--this file was created by Eclipse Runnable JAR Export Wizard-->
    <!--ANT 1.7 is required                                        -->
    <target name="create_run_jar">
        <jar destfile="fontchoosercombobox.jar" filesetmanifest="mergewithoutmain">
            <manifest>
                <attribute name="Main-Class" value="com.xenoage.util.gui.FontChooserComboBoxTestFrame"/>
                <attribute name="Class-Path" value="."/>
            </manifest>
            <fileset dir="bin"/>
        </jar>
        <chmod file="fontchoosercombobox.jar" perm="+x"/>
    </target>
</project>
